,timestamp,main_meter,sub_meter_1,sub_meter_2,building_number,weekend,corporate
0,2017-04-01 00:00:00,6477.8943608797335,1793.4051692510932,51.100807921397006,2,1,0
1,2017-04-01 12:00:00,5488.021280385871,1801.499135163275,54.044374019872095,2,1,1
2,2017-04-02 00:00:00,5189.780625229295,1452.2191871120292,69.66244719920984,2,1,0
3,2017-04-02 12:00:00,3058.6135972939155,1094.2822832769996,0.9392130088346652,2,1,1
4,2017-04-03 00:00:00,4674.894857353837,1422.8744006071674,71.51307850592535,2,0,0
5,2017-04-03 12:00:00,6093.332206663392,1403.420351715922,53.79300998723747,2,0,1
6,2017-04-04 00:00:00,7373.882687773196,1578.5839192286658,46.1979282038055,2,0,0
7,2017-04-04 12:00:00,6273.8524962248475,1688.528986530233,54.616232857815106,2,0,1
8,2017-04-05 00:00:00,6042.92950673719,1536.2194010504763,39.17054040733067,2,0,0
9,2017-04-05 12:00:00,6882.99421805944,1773.0321858753803,49.65681231738211,2,0,1
10,2017-04-06 00:00:00,4682.808287670944,1427.707319789668,53.475328264158776,2,0,0
11,2017-04-06 12:00:00,5206.5302581120395,1587.0480651597716,49.01716979877042,2,0,1
12,2017-04-07 00:00:00,6103.571134734307,1467.2083241145108,38.2339662669172,2,0,0
13,2017-04-07 12:00:00,6897.450847295371,1779.5098834474554,50.36284662157265,2,0,1
14,2017-04-08 00:00:00,5881.8851723750895,1446.4500486958104,56.79675577400936,2,1,0
15,2017-04-08 12:00:00,6912.91656364312,1726.466867006625,53.75482362869274,2,1,1
16,2017-04-09 00:00:00,4958.893010873536,1371.3260615164484,43.32121999220801,2,1,0
17,2017-04-09 12:00:00,4267.148090054935,1102.6207299029534,1.454504945530635,2,1,1
18,2017-04-10 00:00:00,6784.8189797339555,1442.363117352241,59.194127465002396,2,0,0
19,2017-04-10 12:00:00,6039.460720204673,1631.8102106614713,61.43150140134073,2,0,1
20,2017-04-11 00:00:00,5728.104893996814,1508.0085575479413,45.90316481117049,2,0,0
21,2017-04-11 12:00:00,5350.2938639623,1727.5849670963887,50.75283950449248,2,0,1
22,2017-04-12 00:00:00,6154.283764043376,1699.0857621446887,66.84492496960505,2,0,0
23,2017-04-12 12:00:00,6848.839259828885,1892.4353370169704,60.7765435661787,2,0,1
24,2017-04-13 00:00:00,5682.95803196566,1707.9636063236849,42.556357381449764,2,0,0
25,2017-04-13 12:00:00,6547.7619016421695,1975.0220429889985,45.72315686769425,2,0,1
26,2017-04-14 00:00:00,5156.712651910847,1723.4813238345405,58.86109510017848,2,0,0
27,2017-04-14 12:00:00,5688.96025815695,1904.9965339095152,51.91836439999912,2,0,1
28,2017-04-15 00:00:00,5245.719375530418,1767.785701957939,80.40747652321213,2,1,0
29,2017-04-15 12:00:00,5828.658479851319,2004.6518035778602,47.55770574668444,2,1,1
30,2017-04-16 00:00:00,3189.5219112762256,1260.0133694935541,1.2451458475707071,2,1,0
31,2017-04-16 12:00:00,3243.206992269475,1253.6869622391555,1.0630954036873919,2,1,1
32,2017-04-17 00:00:00,5022.574973495957,1629.146688308616,74.37895258027085,2,0,0
33,2017-04-17 12:00:00,3459.343887751602,1311.9225005995806,1.1319401884482179,2,0,1
34,2017-04-18 00:00:00,5150.6216761586375,1687.2745248440644,58.6823083027543,2,0,0
35,2017-04-18 12:00:00,5471.684277571355,1808.1842202736416,47.98929812946947,2,0,1
36,2017-04-19 00:00:00,4777.752982338709,1561.0910227499874,43.374556248782206,2,0,0
37,2017-04-19 12:00:00,5466.815890416303,1667.4245575593095,53.34881529133093,2,0,1
38,2017-04-20 00:00:00,4700.8666930332865,1358.6562981096124,61.61931694110546,2,0,0
39,2017-04-20 12:00:00,5812.193794060964,1405.3732947690248,74.42691099247789,2,0,1
40,2017-04-21 00:00:00,6499.498530555815,1264.8533917987784,73.93015186465938,2,0,0
41,2017-04-21 12:00:00,8562.26173783326,1550.2009419509798,49.19872621012183,2,0,1
42,2017-04-22 00:00:00,6967.179663754451,1256.1254987193693,37.182053217182805,2,1,0
43,2017-04-22 12:00:00,5129.791782531387,1427.9448021690796,47.2253402644711,2,1,1
44,2017-04-23 00:00:00,5276.7840536551985,1294.9612260181386,37.46758263048715,2,1,0
45,2017-04-23 12:00:00,3145.47795082515,1165.1747739663801,1.039545417035774,2,1,1
46,2017-04-24 00:00:00,4878.125783905941,1478.1788840672407,67.06531101239236,2,0,0
47,2017-04-24 12:00:00,5474.168809483832,1697.5450345489655,53.57326605798546,2,0,1
48,2017-04-25 00:00:00,4631.467892150055,1326.4397204307077,54.01148067689072,2,0,0
49,2017-04-25 12:00:00,4843.195814190736,1463.7259380482928,93.54179740859449,2,0,1
50,2017-04-26 00:00:00,4717.629943724947,1406.6244973418334,82.75733090326506,2,0,0
51,2017-04-26 12:00:00,5391.761848582043,1673.7139374119388,51.24949276403589,2,0,1
52,2017-04-27 00:00:00,6136.183969170256,1641.27409923773,53.62233987259858,2,0,0
53,2017-04-27 12:00:00,6998.2619632572205,2036.7160956494938,40.782462054926924,2,0,1
54,2017-04-28 00:00:00,5987.586832099446,1855.9007658014496,65.39090183064674,2,0,0
55,2017-04-28 12:00:00,5854.4303733463785,2062.2857661212174,52.11801915477363,2,0,1
56,2017-04-29 00:00:00,6069.671454396826,1831.6118809207428,41.554777191843186,2,1,0
57,2017-04-29 12:00:00,6440.412683346277,2121.6026029677737,48.78147949408648,2,1,1
58,2017-04-30 00:00:00,4892.907763192085,1671.1751497843659,45.919492110784866,2,1,0
59,2017-04-30 12:00:00,3437.395600789057,1319.5867506349207,1.256894267186413,2,1,1
60,2017-05-01 00:00:00,6207.766070147946,1706.508388944275,68.78207812908798,2,0,0
61,2017-05-01 12:00:00,5843.69665509168,1817.6104981971932,36.148410531203815,2,0,1
62,2017-05-02 00:00:00,5208.024002424202,1843.223100329784,77.72017363712371,2,0,0
63,2017-05-02 12:00:00,5753.807261497088,2038.1584922874242,51.3717946839451,2,0,1
64,2017-05-03 00:00:00,6329.614217459778,1876.322762090854,46.18816135844307,2,0,0
65,2017-05-03 12:00:00,6363.813563418284,2027.7240427138825,53.63364488329469,2,0,1
66,2017-05-04 00:00:00,6256.209791961639,1879.4890968042,59.10826374239028,2,0,0
67,2017-05-04 12:00:00,6661.272868734595,2187.896183483567,47.429725466475084,2,0,1
68,2017-05-05 00:00:00,5427.328267719664,2038.8671720326913,73.28094102904552,2,0,0
69,2017-05-05 12:00:00,6108.183308979388,2338.9849389402484,51.10027290031028,2,0,1
70,2017-05-06 00:00:00,5499.878725770312,2020.653709794694,77.61780657732409,2,1,0
71,2017-05-06 12:00:00,5856.3139758174,2089.783314204747,49.992187419414286,2,1,1
72,2017-05-07 00:00:00,5193.790522084227,1929.4355532419588,35.77137705599107,2,1,0
73,2017-05-07 12:00:00,4973.373361767103,1885.529693486571,35.135919676008434,2,1,1
74,2017-05-08 00:00:00,5237.6369497108,1834.0618795787802,58.192376028149276,2,0,0
75,2017-05-08 12:00:00,5773.071268683866,2013.2325504868065,52.44445895044109,2,0,1
76,2017-05-09 00:00:00,5163.150136887897,1832.0738129797546,60.220300646754716,2,0,0
77,2017-05-09 12:00:00,5673.116559741679,1944.7600995714577,52.363527821987226,2,0,1
78,2017-05-10 00:00:00,5045.064169497685,1736.6455226626142,61.840199473137176,2,0,0
79,2017-05-10 12:00:00,5770.030621854977,2011.827060293762,50.81500294096992,2,0,1
80,2017-05-11 00:00:00,5775.513019498459,1838.1254855465215,41.169835510077334,2,0,0
81,2017-05-11 12:00:00,6136.585285209244,2147.8694167409626,50.71531708466492,2,0,1
82,2017-05-12 00:00:00,6418.227859012561,2126.6065158777155,61.01873893627641,2,0,0
83,2017-05-12 12:00:00,8167.289126816842,2740.7347726952726,47.779601116140554,2,0,1
84,2017-05-13 00:00:00,6762.4360835898215,2458.6414901837315,50.100018637638705,2,1,0
85,2017-05-13 12:00:00,6351.313549767804,2568.4257702932346,47.48649746529145,2,1,1
86,2017-05-14 00:00:00,5536.019193730638,2235.0951138570254,44.01856674227083,2,1,0
87,2017-05-14 12:00:00,5726.3817097326055,2263.726150949747,45.86086519246299,2,1,1
88,2017-05-15 00:00:00,5651.329872207526,2164.242601504773,51.76324415239295,2,0,0
89,2017-05-15 12:00:00,6089.795370445194,2319.15339457811,53.928062242155484,2,0,1
90,2017-05-16 00:00:00,5446.056473901866,2063.6700063746075,64.5705970862829,2,0,0
91,2017-05-16 12:00:00,5999.4110132214955,2211.2111248950664,51.08269839572943,2,0,1
92,2017-05-17 00:00:00,5301.575501077604,2046.8631356203898,44.468676579182926,2,0,0
93,2017-05-17 12:00:00,6073.189651794368,2254.011619999481,53.629461165571804,2,0,1
94,2017-05-18 00:00:00,5466.407298701927,2059.0284612124415,53.015154078699815,2,0,0
95,2017-05-18 12:00:00,5933.16397881045,2196.5261776829343,52.65110706957396,2,0,1
96,2017-05-19 00:00:00,5488.15086710954,2044.6756787729767,75.3603891427655,2,0,0
97,2017-05-19 12:00:00,6176.00274521147,2351.3951580299567,53.144487111203624,2,0,1
98,2017-05-20 00:00:00,5413.336447061194,2114.728086897085,51.93494503865211,2,1,0
99,2017-05-20 12:00:00,6163.681594611273,2291.4964048518727,51.71493979828145,2,1,1
100,2017-05-21 00:00:00,5131.460712061118,1831.8841838719818,56.74083338219511,2,1,0
101,2017-05-21 12:00:00,4987.345172507645,1791.7832106156045,29.81344308646158,2,1,1
102,2017-05-22 00:00:00,5610.509436040157,2119.602782801581,77.13171598487342,2,0,0
103,2017-05-22 12:00:00,5936.7627575882025,2205.670037299738,49.72560296725636,2,0,1
104,2017-05-23 00:00:00,5317.285095842582,2030.8628224559789,41.845558789173104,2,0,0
105,2017-05-23 12:00:00,5890.782428948621,2213.846127325447,53.45630305085027,2,0,1
106,2017-05-24 00:00:00,5445.021036041528,2069.247999522066,61.465422325132856,2,0,0
107,2017-05-24 12:00:00,6104.029076078779,2261.9160206976494,49.49640797076646,2,0,1
108,2017-05-25 00:00:00,5420.095083243875,2040.749214809294,43.03578611545188,2,0,0
109,2017-05-25 12:00:00,6079.327683668455,2276.4769391853074,44.528886483509474,2,0,1
110,2017-05-26 00:00:00,5559.176395348654,2054.741924276482,42.10019992493897,2,0,0
111,2017-05-26 12:00:00,5972.707830310447,2063.242297999855,45.46628624345268,2,0,1
112,2017-05-27 00:00:00,5306.465085439803,1919.9207460440048,58.44255072910573,2,1,0
113,2017-05-27 12:00:00,6060.863959165775,2118.8870808882502,45.49833070117882,2,1,1
114,2017-05-28 00:00:00,5273.295206069506,1971.1918986813928,39.66737207480452,2,1,0
115,2017-05-28 12:00:00,5456.248283067805,2099.1376610054604,31.81396734521199,2,1,1
116,2017-05-29 00:00:00,5430.6333224665905,2031.3030216571476,47.13040653449767,2,0,0
117,2017-05-29 12:00:00,5919.708115965092,2186.3073371839077,51.24726393458328,2,0,1
118,2017-05-30 00:00:00,5332.889316651287,2012.4784092701584,59.25632900780342,2,0,0
119,2017-05-30 12:00:00,6014.173885592711,2237.699705845023,46.2438209508389,2,0,1
120,2017-05-31 00:00:00,5637.859177652331,2137.7378017945925,43.22623560431251,2,0,0
121,2017-05-31 12:00:00,6267.246003178921,2366.2458497539633,52.54008513937503,2,0,1
122,2017-06-01 00:00:00,5749.699142478555,2236.5042077916983,39.59859824272295,2,0,0
123,2017-06-01 12:00:00,6320.57454512827,2486.7633248502066,43.319283367450915,2,0,1
124,2017-06-02 00:00:00,5558.081899925314,2257.7091699651965,38.211518540816535,2,0,0
125,2017-06-02 12:00:00,5841.209919684833,2364.052552452145,29.322120225454523,2,0,1
126,2017-06-03 00:00:00,5768.575783393965,2355.4251524128545,62.36928772233603,2,1,0
127,2017-06-03 12:00:00,6438.204932169326,2452.905831948777,43.24940114512219,2,1,1
128,2017-06-04 00:00:00,5610.95210564643,2266.169659080429,44.43723510626316,2,1,0
129,2017-06-04 12:00:00,5703.05445055541,2373.640081573973,27.274130241916097,2,1,1
130,2017-06-05 00:00:00,5883.385098730626,2413.429515759645,51.23543943210578,2,0,0
131,2017-06-05 12:00:00,6580.804465142014,2712.873947922069,44.86363344814236,2,0,1
132,2017-06-06 00:00:00,5519.462171779559,2208.438906295641,44.54536730128422,2,0,0
133,2017-06-06 12:00:00,6098.204854143863,2360.758843303377,39.292922830419435,2,0,1
134,2017-06-07 00:00:00,5721.422535224293,2317.3991492196606,40.521366507938566,2,0,0
135,2017-06-07 12:00:00,6471.9273169640255,2600.8099518317663,44.699290946641376,2,0,1
136,2017-06-08 00:00:00,5748.592473612677,2299.4678808618723,36.28667782589688,2,0,0
137,2017-06-08 12:00:00,6330.196591295834,2599.621391944739,44.950710273000304,2,0,1
138,2017-06-09 00:00:00,5810.792062614117,2363.019777623982,54.48028065653077,2,0,0
139,2017-06-09 12:00:00,6712.363436443466,2708.4272498616438,45.372912458172216,2,0,1
140,2017-06-10 00:00:00,5866.664371602231,2459.018485563826,47.10809506429509,2,1,0
141,2017-06-10 12:00:00,6854.942203846916,2819.318207751517,46.34085886103261,2,1,1
142,2017-06-11 00:00:00,5900.544528967354,2486.4937589530696,60.524531166227796,2,1,0
143,2017-06-11 12:00:00,6013.815015796411,2432.5912145855004,102.03130998930783,2,1,1
144,2017-06-12 00:00:00,5745.314158900492,2321.103017838897,42.05087220498442,2,0,0
145,2017-06-12 12:00:00,6371.972991828323,2588.6621494650385,46.89981038487155,2,0,1
146,2017-06-13 00:00:00,5675.436373918251,2387.1127831930658,44.88228415287171,2,0,0
147,2017-06-13 12:00:00,6584.506433044342,2756.799344875977,47.24298587505462,2,0,1
148,2017-06-14 00:00:00,6072.497127219946,2630.709992029509,39.854505414605974,2,0,0
149,2017-06-14 12:00:00,6914.5237914770105,2974.629549147378,45.901297277625325,2,0,1
150,2017-06-15 00:00:00,6316.785544222216,2787.734296959754,39.656053642690004,2,0,0
151,2017-06-15 12:00:00,7099.675601488942,3224.0999113890834,41.285392177847434,2,0,1
152,2017-06-16 00:00:00,6474.431679967099,2895.162615870961,42.837927851138176,2,0,0
153,2017-06-16 12:00:00,7531.683195877043,3275.2394599042505,43.245663235939446,2,0,1
154,2017-06-17 00:00:00,6450.5830647059565,2890.962270582539,39.34408344145558,2,1,0
155,2017-06-17 12:00:00,7324.206174199502,3269.3737027461652,46.64969986450762,2,1,1
156,2017-06-18 00:00:00,6068.45237174526,2572.538079461159,36.214851977481395,2,1,0
157,2017-06-18 12:00:00,6081.5126789832975,2504.102960063334,26.961059841948952,2,1,1
158,2017-06-19 00:00:00,6071.205824155841,2408.7807987925544,67.41930534423244,2,0,0
159,2017-06-19 12:00:00,6594.144688267858,2688.893575912252,48.525594099698964,2,0,1
160,2017-06-20 00:00:00,5926.921286791493,2489.9447869234973,48.309049326939515,2,0,0
161,2017-06-20 12:00:00,6465.714080181221,2646.5761133817987,43.950903192293,2,0,1
162,2017-06-21 00:00:00,5980.648372525343,2556.50733961204,52.9402977822921,2,0,0
163,2017-06-21 12:00:00,6821.564665308512,2909.725956187909,45.36203410029691,2,0,1
164,2017-06-22 00:00:00,6291.382715124892,2700.4047375893338,66.50911001267023,2,0,0
165,2017-06-22 12:00:00,7061.082441179464,3185.459157583176,44.689095863357885,2,0,1
166,2017-06-23 00:00:00,6897.456879327041,2687.675507298242,43.03679350405766,2,0,0
167,2017-06-23 12:00:00,8519.072660788845,2937.96485259638,52.55856012252593,2,0,1
168,2017-06-24 00:00:00,7415.400438721842,2589.052639975909,44.86511557265123,2,1,0
169,2017-06-24 12:00:00,8112.656684320628,2882.2402730906542,46.52894249199584,2,1,1
170,2017-06-25 00:00:00,6337.3301940385745,2910.1443423099427,47.141083719926804,2,1,0
171,2017-06-25 12:00:00,6674.920210446908,3095.532465206344,94.76848005447813,2,1,1
172,2017-06-26 00:00:00,7537.869827144771,2900.816623097859,34.209870737574796,2,0,0
173,2017-06-26 12:00:00,8817.315252067117,3124.0696174400564,44.330914120220456,2,0,1
174,2017-06-27 00:00:00,7921.205374711387,2808.9333463780454,34.40777998100115,2,0,0
175,2017-06-27 12:00:00,8191.320060457605,3130.2348901641126,43.95133047682282,2,0,1
176,2017-06-28 00:00:00,6203.9850012940915,3010.928041992814,48.895498402570404,2,0,0
177,2017-06-28 12:00:00,9381.518760014347,3957.23881838228,48.60768758812816,2,0,1
178,2017-06-29 00:00:00,8661.833654782024,3070.3815389003407,29.96915077012642,2,0,0
179,2017-06-29 12:00:00,9695.892200086326,3607.1275385169356,47.33380089940726,2,0,1
180,2017-06-30 00:00:00,8191.781428234367,3090.090578468083,48.29015300718803,2,0,0
181,2017-06-30 12:00:00,9253.595684382939,3665.309491463568,45.873261661547495,2,0,1
182,2017-07-01 00:00:00,7162.958149897116,2911.3884787605934,50.697959175967874,2,1,0
183,2017-07-01 12:00:00,10029.731099714263,3307.7491965081194,51.19958722676821,2,1,1
184,2017-07-02 00:00:00,6703.006657604488,2421.5948024989907,39.825388790624665,2,1,0
185,2017-07-02 12:00:00,8013.659089773413,2341.592420672008,59.077281947392315,2,1,1
186,2017-07-03 00:00:00,6144.859595764622,2388.5070441452494,40.68530885826396,2,0,0
187,2017-07-03 12:00:00,8018.200119294711,2916.0321891614426,51.45003802797632,2,0,1
188,2017-07-04 00:00:00,5483.804509661838,2380.7435331235106,28.842322843860135,2,0,0
189,2017-07-04 12:00:00,7005.483805234201,2944.8303300875864,49.067417831756366,2,0,1
190,2017-07-05 00:00:00,5988.455342246234,2346.9928999774,50.29803663249046,2,0,0
191,2017-07-05 12:00:00,7644.284473097632,3061.3373479810157,53.59560461168607,2,0,1
192,2017-07-06 00:00:00,6937.9877805136175,2704.5361449653374,52.64966441385101,2,0,0
193,2017-07-06 12:00:00,8909.923024590129,3057.368681566137,41.912242730126934,2,0,1
194,2017-07-07 00:00:00,7862.991220225343,2726.1653122362204,48.56254235489314,2,0,0
195,2017-07-07 12:00:00,9122.425093107342,3096.1731581975505,39.09430301848156,2,0,1
196,2017-07-08 00:00:00,8058.003394493517,2820.15410961984,33.637437149778286,2,1,0
197,2017-07-08 12:00:00,9139.584915373818,3184.7373738228707,38.2548850389966,2,1,1
198,2017-07-09 00:00:00,8113.541055698083,2865.239507778488,35.66829404804635,2,1,0
199,2017-07-09 12:00:00,6379.275019706637,3064.638336113993,25.93056601777077,2,1,1
200,2017-07-10 00:00:00,7742.984424349208,3128.8527109313395,35.848824012379616,2,0,0
201,2017-07-10 12:00:00,9395.25759853141,3504.6889049883503,45.53799657493088,2,0,1
202,2017-07-11 00:00:00,8469.537810178083,3095.3785470372354,47.20508431262553,2,0,0
203,2017-07-11 12:00:00,9384.754070410696,3531.8627431344885,41.84156513526592,2,0,1
204,2017-07-12 00:00:00,8512.994501935802,3171.221741774161,48.119682072214516,2,0,0
205,2017-07-12 12:00:00,9411.604061743295,3487.815906943129,46.24207968839135,2,0,1
206,2017-07-13 00:00:00,8387.619760907091,2994.769715510514,40.51489199634312,2,0,0
207,2017-07-13 12:00:00,8841.214274616907,3602.364650977872,46.13866735135759,2,0,1
208,2017-07-14 00:00:00,7225.035559710853,3071.753078022442,44.04932971496033,2,0,0
209,2017-07-14 12:00:00,8916.028292066343,3307.8978244745163,45.9288638556179,2,0,1
210,2017-07-15 00:00:00,7774.705397129322,2760.372404513751,36.995263373885855,2,1,0
211,2017-07-15 12:00:00,9321.975190007748,3068.688731681274,43.97220900227262,2,1,1
212,2017-07-16 00:00:00,6609.929305263686,2343.862560977479,39.764422057872295,2,1,0
213,2017-07-16 12:00:00,5975.768673445688,2514.0229804607966,31.374796532440694,2,1,1
214,2017-07-17 00:00:00,6086.699796014145,2538.654474777352,39.62288797957053,2,0,0
215,2017-07-17 12:00:00,6696.158753645639,2750.4361989608933,51.69654396041704,2,0,1
216,2017-07-18 00:00:00,5999.263491941689,2520.7631920030426,45.75646126180649,2,0,0
217,2017-07-18 12:00:00,6806.088806175987,2965.0470485226992,53.55379905321644,2,0,1
218,2017-07-19 00:00:00,6151.367058921107,2716.738457400417,43.12043257095113,2,0,0
219,2017-07-19 12:00:00,6994.486753279962,3063.0992475222847,45.94137141010315,2,0,1
220,2017-07-20 00:00:00,7214.2046620555475,2793.987368235012,51.22655775962241,2,0,0
221,2017-07-20 12:00:00,8896.830722262388,3092.9090787078517,50.10980547313039,2,0,1
222,2017-07-21 00:00:00,8166.595444720794,2894.364727438196,46.39562458270035,2,0,0
223,2017-07-21 12:00:00,9772.51100730652,3402.2019642294804,44.03979487497361,2,0,1
224,2017-07-22 00:00:00,8560.766684494774,3096.812515682383,58.5336084915153,2,1,0
225,2017-07-22 12:00:00,9895.527669698498,3635.795073627034,51.49784592537932,2,1,1
226,2017-07-23 00:00:00,9001.35780710288,3210.4650066590416,50.40793721491758,2,1,0
227,2017-07-23 12:00:00,9516.61936820997,3310.86783390508,33.48683436618714,2,1,1
228,2017-07-24 00:00:00,8698.917823338286,3061.158746860292,45.997461787068396,2,0,0
229,2017-07-24 12:00:00,9594.414641783915,3499.343621974162,47.10660577645163,2,0,1
230,2017-07-25 00:00:00,8382.470657706732,2935.639627805882,40.00975105112471,2,0,0
231,2017-07-25 12:00:00,9044.337271039487,3048.466443215689,49.14437239421101,2,0,1
232,2017-07-26 00:00:00,7201.612698856982,2562.5567361294366,53.82747102301138,2,0,0
233,2017-07-26 12:00:00,7824.086427102825,2858.638759809896,50.489752295001544,2,0,1
234,2017-07-27 00:00:00,5978.9151685657735,2590.0990808293905,39.411914843515156,2,0,0
235,2017-07-27 12:00:00,7236.195185362741,2874.285383147308,48.82951007873146,2,0,1
236,2017-07-28 00:00:00,6107.395221151733,2655.2935069275004,44.01894022926556,2,0,0
237,2017-07-28 12:00:00,7145.967648654856,3107.4376358440168,49.67047401027625,2,0,1
238,2017-07-29 00:00:00,7087.039186382295,2795.824352806894,49.26252129588354,2,1,0
239,2017-07-29 12:00:00,8604.8433933851,3087.0142405502434,42.27238935497622,2,1,1
240,2017-07-30 00:00:00,7328.666164902996,2720.04623016231,37.51058446530566,2,1,0
241,2017-07-30 12:00:00,6367.392879424027,2961.7414766438465,28.199442495152834,2,1,1
242,2017-07-31 00:00:00,7660.69291088853,3070.818729136688,69.46319017883427,2,0,0
243,2017-07-31 12:00:00,9201.994510732426,3366.6899838040977,44.960203529584355,2,0,1
244,2017-08-01 00:00:00,8246.918006307282,3201.993529944188,41.07940594389276,2,0,0
245,2017-08-01 12:00:00,8344.46592566978,3520.082938900272,47.701628206216945,2,0,1
246,2017-08-02 00:00:00,7908.075135414442,3337.3051319690967,55.358663682453845,2,0,0
247,2017-08-02 12:00:00,9476.129383947065,3677.6476500192202,49.74828512818553,2,0,1
248,2017-08-03 00:00:00,8815.74889772039,3358.673300391112,40.386973270700345,2,0,0
249,2017-08-03 12:00:00,9336.830902517555,4016.842814772122,44.20229058190889,2,0,1
250,2017-08-04 00:00:00,8725.257815738796,3642.980182023794,55.829348375651215,2,0,0
251,2017-08-04 12:00:00,9001.179926835552,3996.7803007786174,46.234843749870265,2,0,1
252,2017-08-05 00:00:00,8526.325644229912,3720.2125008347216,45.30600567280697,2,1,0
253,2017-08-05 12:00:00,9274.310217088094,4130.9007748379545,43.74936483230291,2,1,1
254,2017-08-06 00:00:00,8093.821777040791,3679.3953056476566,36.32476576269443,2,1,0
255,2017-08-06 12:00:00,8128.655883733041,3877.0501508391844,24.99264945529543,2,1,1
256,2017-08-07 00:00:00,8465.064436574472,3696.943627755371,58.90679269183074,2,0,0
257,2017-08-07 12:00:00,9629.430427513647,4097.663721251755,47.25153247022072,2,0,1
258,2017-08-08 00:00:00,8512.649404373415,3408.1952697618344,42.178259423861576,2,0,0
259,2017-08-08 12:00:00,9205.826494071718,3541.2569828925357,48.71669932905419,2,0,1
260,2017-08-09 00:00:00,8853.436183181455,3512.278308363439,69.13637363318652,2,0,0
261,2017-08-09 12:00:00,10020.163241289845,4028.398460020757,49.22232943789663,2,0,1
262,2017-08-10 00:00:00,8981.925143954466,3726.5645755727123,42.23403041473169,2,0,0
263,2017-08-10 12:00:00,9521.513246445556,4115.072362764883,47.79892288688285,2,0,1
264,2017-08-11 00:00:00,8838.182144350058,3593.2153230946187,41.07308068700843,2,0,0
265,2017-08-11 12:00:00,9449.413139074919,3704.392230997752,41.53051488169826,2,0,1
266,2017-08-12 00:00:00,8593.65272966729,3031.2319290235196,65.81944230453307,2,1,0
267,2017-08-12 12:00:00,8514.501462346276,3223.2212126404397,51.59449145501401,2,1,1
268,2017-08-13 00:00:00,6828.70943085608,2679.2612724423575,43.597656797517885,2,1,0
269,2017-08-13 12:00:00,7569.576703755476,2779.3014715617896,42.536214719736705,2,1,1
270,2017-08-14 00:00:00,7137.518477978248,2771.8372605955174,65.99460405183864,2,0,0
271,2017-08-14 12:00:00,7834.511936709144,2965.2615633684004,49.86966700548849,2,0,1
272,2017-08-15 00:00:00,6721.031418751842,2741.5454463876426,47.080774372441304,2,0,0
273,2017-08-15 12:00:00,7673.337678866657,2881.1198073847067,28.961766935760675,2,0,1
274,2017-08-16 00:00:00,8089.695190036783,2795.3924025876363,44.73292898197809,2,0,0
275,2017-08-16 12:00:00,8430.894261280902,3142.437458518109,47.68326992065442,2,0,1
276,2017-08-17 00:00:00,7214.518651943083,2883.8907449901435,53.6849044902927,2,0,0
277,2017-08-17 12:00:00,9400.236405272295,3201.747502156499,46.57487531157407,2,0,1
278,2017-08-18 00:00:00,8307.369612912784,2913.33965509297,58.5314171079879,2,0,0
279,2017-08-18 12:00:00,9650.584473257793,3252.869035319702,44.73750733602849,2,0,1
280,2017-08-19 00:00:00,8413.318106475892,2919.3341898804742,57.712244084450795,2,1,0
281,2017-08-19 12:00:00,9805.045660536303,3333.894039131473,46.15346834067921,2,1,1
282,2017-08-20 00:00:00,7397.595450558313,2977.0906566448907,46.48209383379571,2,1,0
283,2017-08-20 12:00:00,7993.639156654969,3000.8325843220077,28.090072472408938,2,1,1
284,2017-08-21 00:00:00,7414.712787615453,2571.4884749981106,36.212777710392835,2,0,0
285,2017-08-21 12:00:00,7510.971008062367,2715.455037683085,45.48973381423543,2,0,1
286,2017-08-22 00:00:00,6042.357970404058,2687.8128905816448,51.33675444912191,2,0,0
287,2017-08-22 12:00:00,6675.712424968515,2791.4820789580517,42.77920426875652,2,0,1
288,2017-08-23 00:00:00,5896.279673813449,2528.3593038570384,42.853984339488,2,0,0
289,2017-08-23 12:00:00,6898.060289033948,2902.4248188632087,46.72059125848552,2,0,1
290,2017-08-24 00:00:00,6286.789096519329,2813.0492515871356,53.39721113443557,2,0,0
291,2017-08-24 12:00:00,6937.862938941597,3106.805504936672,48.087459807878425,2,0,1
292,2017-08-25 00:00:00,6255.3974243786715,2820.614822336529,41.437984275208294,2,0,0
293,2017-08-25 12:00:00,7268.477305058986,3228.052633305237,44.031872266482985,2,0,1
294,2017-08-26 00:00:00,6463.332093038382,2960.2117662026994,43.34150628536643,2,1,0
295,2017-08-26 12:00:00,7342.52455978892,3328.9965728292536,49.95426222953429,2,1,1
296,2017-08-27 00:00:00,7248.294033170808,2885.54956860361,38.7518331286062,2,1,0
297,2017-08-27 12:00:00,8000.452058608046,2869.9516918681907,26.328410884729184,2,1,1
298,2017-08-28 00:00:00,7303.753255959593,2979.4668514696036,48.017292451692754,2,0,0
299,2017-08-28 12:00:00,9437.843428127842,3382.9844464447256,49.23093207446476,2,0,1
300,2017-08-29 00:00:00,7989.728449906431,2933.346726095164,50.97236123182154,2,0,0
301,2017-08-29 12:00:00,8713.11905751788,2928.2562304851986,48.779491153376874,2,0,1
302,2017-08-30 00:00:00,7681.190340739457,2608.649334423883,56.88721414784021,2,0,0
303,2017-08-30 12:00:00,8376.24253130725,2885.406542583662,54.13769489225021,2,0,1
304,2017-08-31 00:00:00,6338.4420982663205,2776.6897424022777,49.88478094478236,2,0,0
305,2017-08-31 12:00:00,8064.271538183596,3062.075415832909,49.67776776570102,2,0,1
306,2017-09-01 00:00:00,6546.442404398215,3002.9388556304953,57.59256525130187,2,0,0
307,2017-09-01 12:00:00,7749.444292243807,3319.606534776633,44.47284757594097,2,0,1
308,2017-09-02 00:00:00,7375.815442256786,2923.042536088251,42.47743376773588,2,1,0
309,2017-09-02 12:00:00,8539.99742001881,3305.130069752789,48.02719483231451,2,1,1
310,2017-09-03 00:00:00,6686.464421254979,2672.601164679593,34.02135192707716,2,1,0
311,2017-09-03 12:00:00,4511.067569417407,2134.1353952235363,1.982234146772422,2,1,1
312,2017-09-04 00:00:00,6129.084872959223,2578.6949238815628,49.25223128394159,2,0,0
313,2017-09-04 12:00:00,7792.018230654751,2718.3210168823957,48.56458121712953,2,0,1
314,2017-09-05 00:00:00,6094.87818139671,2416.159376050185,41.06626001374749,2,0,0
315,2017-09-05 12:00:00,6593.684468439038,2680.763060585871,44.96190245370773,2,0,1
316,2017-09-06 00:00:00,6226.653756854281,2610.2996099374036,53.226953670430476,2,0,0
317,2017-09-06 12:00:00,6834.2945519236155,2834.0789276322416,44.200649158587545,2,0,1
318,2017-09-07 00:00:00,6281.177963622827,2732.6809629732925,42.96284170063251,2,0,0
319,2017-09-07 12:00:00,6795.839175396296,2965.0547558356934,43.85785895730089,2,0,1
320,2017-09-08 00:00:00,6146.147821611481,2627.5999925148303,51.04315511106635,2,0,0
321,2017-09-08 12:00:00,6525.420414054911,2429.275102870195,46.776247178524336,2,0,1
322,2017-09-09 00:00:00,5946.798355978935,2364.0783550126575,67.08237961124873,2,1,0
323,2017-09-09 12:00:00,6751.824080243213,2676.960362045644,45.12897250417992,2,1,1
324,2017-09-10 00:00:00,5970.124566952448,2602.803368961779,32.44659130053471,2,1,0
325,2017-09-10 12:00:00,4780.653203538782,2365.9457759393486,1.1333974053373008,2,1,1
326,2017-09-11 00:00:00,6111.374978255655,2553.2026693811217,53.3294577568549,2,0,0
327,2017-09-11 12:00:00,6614.464405719854,2689.6180654552545,42.89273299548464,2,0,1
328,2017-09-12 00:00:00,5839.563951384217,2477.368752020417,62.37977395649326,2,0,0
329,2017-09-12 12:00:00,6763.887165899999,2851.762810418777,41.8558482921278,2,0,1
330,2017-09-13 00:00:00,6154.087222690868,2628.918474617194,40.88403296586318,2,0,0
331,2017-09-13 12:00:00,6820.303348223454,2918.1976376853313,42.10449605336188,2,0,1
332,2017-09-14 00:00:00,5882.955300981703,2465.83760326559,39.51286491857,2,0,0
333,2017-09-14 12:00:00,6643.7754781859185,2753.3075817805825,40.99070036432029,2,0,1
334,2017-09-15 00:00:00,6117.492427102449,2615.1242815157934,58.50631714619228,2,0,0
335,2017-09-15 12:00:00,6890.969106067546,2843.8654411046386,41.50142980597681,2,0,1
336,2017-09-16 00:00:00,6047.301583648113,2629.008602328243,40.02165646260548,2,1,0
337,2017-09-16 12:00:00,7088.247254150351,3058.1336542414233,38.70112705029118,2,1,1
338,2017-09-17 00:00:00,6177.138583232077,2803.98010101432,33.91839561627109,2,1,0
339,2017-09-17 12:00:00,4865.910803385401,2439.175167595588,1.3634621285815047,2,1,1
340,2017-09-18 00:00:00,6134.592376704259,2636.010188321548,57.2314679707049,2,0,0
341,2017-09-18 12:00:00,6652.169537055037,2779.0802762781664,47.071128240169145,2,0,1
342,2017-09-19 00:00:00,5970.296823717187,2521.768725459738,42.68182681339419,2,0,0
343,2017-09-19 12:00:00,6536.2079698564785,2699.553149531942,45.73523422043593,2,0,1
344,2017-09-20 00:00:00,5752.5873875300795,2297.005578922092,41.95636997970363,2,0,0
345,2017-09-20 12:00:00,6313.932576119685,2313.5712295180087,46.255674450646104,2,0,1
346,2017-09-21 00:00:00,5557.67686932372,2104.6966486503993,44.74852311564023,2,0,0
347,2017-09-21 12:00:00,6064.603012340137,2238.541777475981,43.54723889871382,2,0,1
348,2017-09-22 00:00:00,5516.114377438523,2093.6154022054816,51.366900314908946,2,0,0
349,2017-09-22 12:00:00,6361.050843034621,2331.9755876635136,43.58017538256626,2,0,1
350,2017-09-23 00:00:00,5646.512388476763,2183.8341727942657,38.62480031529977,2,1,0
351,2017-09-23 12:00:00,6469.545070702033,2405.7465989179414,40.40930245505226,2,1,1
352,2017-09-24 00:00:00,5419.3845809883205,2039.7090279231115,34.923995714851685,2,1,0
353,2017-09-24 12:00:00,3997.483522767299,1615.8637254486996,1.4539121971956381,2,1,1
354,2017-09-25 00:00:00,5436.972199021437,2015.2758326285166,36.05545458711398,2,0,0
355,2017-09-25 12:00:00,6101.639600275117,2213.9439392576633,39.126332542775025,2,0,1
356,2017-09-26 00:00:00,5379.680559121499,2032.5097342802699,36.70923964719294,2,0,0
357,2017-09-26 12:00:00,6076.667452759291,2287.035401899611,42.04242412389542,2,0,1
358,2017-09-27 00:00:00,5484.044521390425,2102.6012689556783,39.04727788453552,2,0,0
359,2017-09-27 12:00:00,6115.16393823719,2257.122922440599,45.54982945039487,2,0,1
360,2017-09-28 00:00:00,5383.835320527779,2070.8345315049805,34.653415138860005,2,0,0
361,2017-09-28 12:00:00,5988.81096385503,2179.88248856323,44.80914325822895,2,0,1
362,2017-09-29 00:00:00,5386.60746591149,2021.2071781044303,37.142160113521804,2,0,0
363,2017-09-29 12:00:00,6105.247507328521,2174.7374501244926,40.08009501003908,2,0,1
364,2017-09-30 00:00:00,5237.579591588862,1921.111367527469,40.89311446510687,2,1,0
365,2017-09-30 12:00:00,6204.259120391012,2184.097174825708,40.915680848568925,2,1,1
366,2017-10-01 00:00:00,5223.215284829486,1898.447421728865,35.60721248561696,2,1,0
367,2017-10-01 12:00:00,3964.5307766217015,1582.05901266846,0.9248333704553819,2,1,1
368,2017-10-02 00:00:00,5464.159206946956,1983.938904024076,38.013202081719065,2,0,0
369,2017-10-02 12:00:00,6095.727991038828,2212.8664579253114,42.74067833604972,2,0,1
370,2017-10-03 00:00:00,5130.377459939635,1982.0320828632127,34.563830007708255,2,0,0
371,2017-10-03 12:00:00,6796.8410784161315,1903.3398969335294,77.66077266685225,2,0,1
372,2017-10-04 00:00:00,5485.44552894489,2130.336616724099,39.49473888995819,2,0,0
373,2017-10-04 12:00:00,6221.721608845565,2237.6976930651012,45.45266391533263,2,0,1
374,2017-10-05 00:00:00,5419.026303615841,2075.064775992167,51.5541439403704,2,0,0
375,2017-10-05 12:00:00,6047.780296280948,2240.59525108474,50.267591947404675,2,0,1
376,2017-10-06 00:00:00,5472.0324768265755,2154.4281341716382,50.33178635902135,2,0,0
377,2017-10-06 12:00:00,6466.459219852718,2397.1889310314177,42.94894311241922,2,0,1
378,2017-10-07 00:00:00,5424.1047704186485,2054.738006659339,40.02990937698335,2,1,0
379,2017-10-07 12:00:00,5998.676990279068,2013.4423011595727,48.82045893665915,2,1,1
380,2017-10-08 00:00:00,4966.310293029748,1709.7913225670334,41.433433079929834,2,1,0
381,2017-10-08 12:00:00,3872.9095848594466,1430.619465300698,1.004544718749957,2,1,1
382,2017-10-09 00:00:00,5266.830923867505,1803.75634262997,42.04503189731263,2,0,0
383,2017-10-09 12:00:00,5821.738950728574,2052.1629288889167,41.93879505017346,2,0,1
384,2017-10-10 00:00:00,5169.501608390231,1931.7996625531568,38.125443506767645,2,0,0
385,2017-10-10 12:00:00,5911.6869205057565,2184.3192440305625,43.6027660615595,2,0,1
386,2017-10-11 00:00:00,5414.501207978261,2018.9290607866535,66.54091151954803,2,0,0
387,2017-10-11 12:00:00,5917.185203693,2103.0116551814067,39.03373087492198,2,0,1
388,2017-10-12 00:00:00,5203.197548600902,1930.845387466359,34.88835612454317,2,0,0
389,2017-10-12 12:00:00,5857.195099299984,2121.8104494518,38.73885776247236,2,0,1
390,2017-10-13 00:00:00,5349.849946228121,1969.0236334071062,36.39115013643542,2,0,0
391,2017-10-13 12:00:00,5994.226226941947,2093.942744004384,37.4441925452508,2,0,1
392,2017-10-14 00:00:00,5266.52979705989,1907.7237946430048,51.49306336131144,2,1,0
393,2017-10-14 12:00:00,6206.486200161943,2196.8971388519994,37.89824134896686,2,1,1
394,2017-10-15 00:00:00,5001.657766686395,1842.656002746212,33.907169447576734,2,1,0
395,2017-10-15 12:00:00,4011.3734112068682,1671.2436199680453,1.0386842403609298,2,1,1
396,2017-10-16 00:00:00,5403.144951818783,1997.6716982407715,41.11150083507661,2,0,0
397,2017-10-16 12:00:00,5921.817273776476,2190.819958077353,46.21947460554358,2,0,1
398,2017-10-17 00:00:00,5270.255440694796,1951.620805012898,40.132248459320266,2,0,0
399,2017-10-17 12:00:00,6010.544543471901,2226.607046363311,41.49342246366876,2,0,1
400,2017-10-18 00:00:00,5421.768477924036,2048.9737682975315,43.88330770167547,2,0,0
401,2017-10-18 12:00:00,5931.0417514890405,2169.2833111078194,45.60410662795854,2,0,1
402,2017-10-19 00:00:00,5404.002176488171,2009.1875925292725,62.13322122427698,2,0,0
403,2017-10-19 12:00:00,5892.602945830277,2192.2249813181343,43.905446842284,2,0,1
404,2017-10-20 00:00:00,5378.160778084924,2010.118810379526,66.81573096718999,2,0,0
405,2017-10-20 12:00:00,6080.391622063945,2191.8414248166846,40.45267733463132,2,0,1
406,2017-10-21 00:00:00,5376.509827981622,2004.156959249827,46.680539332078446,2,1,0
407,2017-10-21 12:00:00,6239.756554847439,2277.9321805362647,45.16887591634162,2,1,1
408,2017-10-22 00:00:00,5095.087762248894,1959.4055083970143,50.46722318182116,2,1,0
409,2017-10-22 12:00:00,4035.037358319778,1671.0004359460315,1.2465852611997936,2,1,1
410,2017-10-23 00:00:00,5400.655018048941,1984.3086318063024,41.19154749432452,2,0,0
411,2017-10-23 12:00:00,5561.0550947286965,1828.7844270092903,42.211186963131134,2,0,1
412,2017-10-24 00:00:00,4884.928794778531,1604.3802417891195,41.39537287052958,2,0,0
413,2017-10-24 12:00:00,5453.06539550121,1694.4777267702193,43.72787387471987,2,0,1
414,2017-10-25 00:00:00,5041.520969758671,1683.282869339685,52.08037430658053,2,0,0
415,2017-10-25 12:00:00,5567.2560544003945,1844.590072235409,44.97231448154017,2,0,1
416,2017-10-26 00:00:00,5143.254172526343,1791.4234975690235,63.739138639958036,2,0,0
417,2017-10-26 12:00:00,5591.535445906113,1886.2918923667357,46.311494496557195,2,0,1
418,2017-10-27 00:00:00,5038.08011839731,1757.2388095923009,59.27373993714448,2,0,0
419,2017-10-27 12:00:00,5756.975420138893,1907.4318740316405,44.90577150667861,2,0,1
420,2017-10-28 00:00:00,5002.17664392003,1726.4076772761616,39.71837740258079,2,1,0
421,2017-10-28 12:00:00,5809.916907556097,1761.2659593552726,43.853251973452615,2,1,1
422,2017-10-29 00:00:00,4475.389491246447,1469.7301393923833,30.956193050859753,2,1,0
423,2017-10-29 12:00:00,3819.3634129037455,1309.6028120045883,4.588720771876708,2,1,1
424,2017-10-30 00:00:00,4722.018569519142,1607.1899827430263,70.29115043331004,2,0,0
425,2017-10-30 12:00:00,6111.047248960749,2008.6999541152882,46.34914276810358,2,0,1
426,2017-10-31 00:00:00,4678.290994919976,1684.4773347995417,35.85506159682437,2,0,0
427,2017-10-31 12:00:00,5777.475164590535,1783.6050598984837,52.59417461932878,2,0,1
428,2017-11-01 00:00:00,4562.911089179509,1547.4121882944999,53.46617004453929,2,0,0
429,2017-11-01 12:00:00,5061.1009066763345,1574.143667798298,35.111452348138236,2,0,1
430,2017-11-02 00:00:00,4552.755145701749,1561.019370239492,40.54624225789159,2,0,0
431,2017-11-02 12:00:00,5784.049401413023,1817.2342112002427,46.71946800575633,2,0,1
432,2017-11-03 00:00:00,4587.223646558271,1513.9738179673693,54.15488253362012,2,0,0
433,2017-11-03 12:00:00,6042.081141717343,1827.5074928058236,48.911820633539435,2,0,1
434,2017-11-04 00:00:00,4583.2705555914845,1526.755416566428,39.170165157244725,2,1,0
435,2017-11-04 12:00:00,6188.281706419722,1850.9229800404253,45.459087672208476,2,1,1
436,2017-11-05 00:00:00,4533.275496793835,1533.2220081503158,36.11189604967905,2,1,0
437,2017-11-05 12:00:00,3961.5664706718067,1375.0394834093688,6.6849489763374725,2,1,1
438,2017-11-06 00:00:00,4610.977064944357,1568.8707499952282,33.422360731505385,2,0,0
439,2017-11-06 12:00:00,5884.712510227918,1881.464054995991,44.096352305098975,2,0,1
440,2017-11-07 00:00:00,4493.426068335774,1507.8540080794346,33.14455100274177,2,0,0
441,2017-11-07 12:00:00,5572.247520489399,1587.77222444173,44.50001380117825,2,0,1
442,2017-11-08 00:00:00,4549.96257291276,1424.6619004054346,58.00658562087613,2,0,0
443,2017-11-08 12:00:00,5622.846409299062,1602.8002757833265,48.48061569821798,2,0,1
444,2017-11-09 00:00:00,5323.863023614175,1415.2236352434245,31.190378054433513,2,0,0
445,2017-11-09 12:00:00,6772.818945511618,1824.2582023284092,43.221327773518766,2,0,1
446,2017-11-10 00:00:00,4410.4578415715105,1478.6545246452636,36.62855985130253,2,0,0
447,2017-11-10 12:00:00,5948.895647411174,1756.901787012803,45.35908552599299,2,0,1
448,2017-11-11 00:00:00,5674.136065488179,1569.5773834432239,37.59264337039592,2,1,0
449,2017-11-11 12:00:00,8853.962933726942,1991.0100240174627,43.45937530053991,2,1,1
450,2017-11-12 00:00:00,6671.696920770121,1768.696917156869,29.308555511524688,2,1,0
451,2017-11-12 12:00:00,4030.806194333187,1418.7005019404335,4.87034237505319,2,1,1
452,2017-11-13 00:00:00,5816.325178349684,1660.5947179887382,39.0875702529696,2,0,0
453,2017-11-13 12:00:00,7422.8427291224225,1891.2262225633715,65.57047585330123,2,0,1
454,2017-11-14 00:00:00,5956.111539410536,1614.040149866366,72.00392813613746,2,0,0
455,2017-11-14 12:00:00,7395.687940156403,1666.6220274820223,39.38626835813377,2,0,1
456,2017-11-15 00:00:00,4039.797330519961,1258.5969934904774,25.542593312081944,2,0,0
457,2017-11-15 12:00:00,7828.063071350338,1648.965920242527,37.99608943479347,2,0,1
458,2017-11-16 00:00:00,7207.873615302321,1578.5300886523526,73.15147494773747,2,0,0
459,2017-11-16 12:00:00,5620.046929993799,1626.8491368188743,39.52383552477384,2,0,1
460,2017-11-17 00:00:00,5678.295832427187,1482.6144291770963,59.12219826352728,2,0,0
461,2017-11-17 12:00:00,8673.776948913235,1858.2941634080323,44.93602979592248,2,0,1
462,2017-11-18 00:00:00,7027.40078449052,1661.286864803431,37.54267193704848,2,1,0
463,2017-11-18 12:00:00,7183.434493542427,1856.7166505343819,43.34092494712582,2,1,1
464,2017-11-19 00:00:00,7134.331659504512,1645.2654926910027,27.095184346251745,2,1,0
465,2017-11-19 12:00:00,3838.175514193966,1327.59657942893,4.765588949315594,2,1,1
466,2017-11-20 00:00:00,4444.866683525132,1380.3045752917278,38.63364972881166,2,0,0
467,2017-11-20 12:00:00,5549.66752737518,1582.6432530999564,44.83262640378728,2,0,1
468,2017-11-21 00:00:00,4692.101181872356,1322.97286781169,66.42936360913808,2,0,0
469,2017-11-21 12:00:00,8310.578051949948,1689.0617065656822,42.371147490345486,2,0,1
470,2017-11-22 00:00:00,7500.454750884667,1585.5008942638851,42.66846718674767,2,0,0
471,2017-11-22 12:00:00,7364.142952548463,1767.9963561143052,41.0146566394321,2,0,1
472,2017-11-23 00:00:00,5646.3982963327035,1475.4754958814683,32.761707460568296,2,0,0
473,2017-11-23 12:00:00,6728.299741605732,1721.9250135098928,42.98080411908444,2,0,1
474,2017-11-24 00:00:00,5810.3020273863485,1468.9663888708574,48.596780143465885,2,0,0
475,2017-11-24 12:00:00,8621.769605916727,1804.2515182400132,34.74733748026423,2,0,1
476,2017-11-25 00:00:00,7457.916393753767,1556.0226429447418,32.58774624660269,2,1,0
477,2017-11-25 12:00:00,6141.342970264599,1866.4026465718491,42.421484929850415,2,1,1
478,2017-11-26 00:00:00,5136.4003755393305,1465.0927930358123,36.5010646225867,2,1,0
479,2017-11-26 12:00:00,6682.814071109412,1380.3921051808302,4.8178559585959295,2,1,1
480,2017-11-27 00:00:00,7713.068075847074,1547.7842697738336,31.751507387200018,2,0,0
481,2017-11-27 12:00:00,8716.163107021352,1799.0740270008607,40.51158969615404,2,0,1
482,2017-11-28 00:00:00,7655.035486583646,1490.8308446269982,30.01668841707571,2,0,0
483,2017-11-28 12:00:00,7631.656351256349,1700.6636407511405,44.23629978532276,2,0,1
484,2017-11-29 00:00:00,5610.485355721451,1242.777027147256,49.50789661268823,2,0,0
485,2017-11-29 12:00:00,8197.423610301552,1502.2448491826924,46.53742671031765,2,0,1
486,2017-11-30 00:00:00,7213.38120577497,1509.3168621245122,31.74373130529558,2,0,0
487,2017-11-30 12:00:00,6836.324933519638,1982.884050858147,43.19126895050976,2,0,1
488,2017-12-01 00:00:00,5585.51147046083,1589.1110651617394,40.09493962026473,2,0,0
489,2017-12-01 12:00:00,7589.20823165903,1705.2854870075223,37.261860871627945,2,0,1
490,2017-12-02 00:00:00,5568.887658860881,1432.8820563168617,46.27163732943985,2,1,0
491,2017-12-02 12:00:00,8902.822114683417,1448.7948102459131,42.184454609181415,2,1,1
492,2017-12-03 00:00:00,7639.13648875129,1347.250974947383,26.30327538667792,2,1,0
493,2017-12-03 12:00:00,6940.2995893410125,1135.6398311671242,4.626974386651441,2,1,1
494,2017-12-04 00:00:00,7809.903309479671,1351.854498113232,30.60951300236728,2,0,0
495,2017-12-04 12:00:00,5523.966845727894,1528.5388113100364,36.757446438916055,2,0,1
496,2017-12-05 00:00:00,5295.554447673634,1216.7361212511714,39.494388744727296,2,0,0
497,2017-12-05 12:00:00,9064.655241581027,1580.3478856249567,42.27558092974747,2,0,1
498,2017-12-06 00:00:00,7952.513800198391,1380.6704059817769,30.82297188577394,2,0,0
499,2017-12-06 12:00:00,8822.645715204513,1549.3757997036562,39.272769012491686,2,0,1
500,2017-12-07 00:00:00,7382.19346983034,1449.2311598983008,33.09060733400166,2,0,0
501,2017-12-07 12:00:00,8401.287861243063,1644.7805684193106,44.96740624053618,2,0,1
502,2017-12-08 00:00:00,7794.651848147416,1370.0988393796551,51.62104833523518,2,0,0
503,2017-12-08 12:00:00,8823.314736868604,1661.766757878193,42.47956836363485,2,0,1
504,2017-12-09 00:00:00,7629.289514598232,1380.0899509401954,33.06237884716341,2,1,0
505,2017-12-09 12:00:00,8826.315862842133,1692.6959589076714,35.494306376668376,2,1,1
506,2017-12-10 00:00:00,7722.985934037252,1366.146968318935,28.50016438461371,2,1,0
507,2017-12-10 12:00:00,7083.883520431792,1137.644229788244,4.305741614510968,2,1,1
508,2017-12-11 00:00:00,7731.2249482473135,1288.2741956220846,48.14994209563228,2,0,0
509,2017-12-11 12:00:00,8247.205459718994,1437.270470839495,38.24795026215127,2,0,1
510,2017-12-12 00:00:00,7132.79231085728,1452.5670733152874,29.309788956916986,2,0,0
511,2017-12-12 12:00:00,8431.757020152849,1863.0659321518212,45.404159718594904,2,0,1
512,2017-12-13 00:00:00,7575.600571664673,1617.1273513345807,34.54273529623088,2,0,0
513,2017-12-13 12:00:00,8431.603456202129,1839.4959624058192,44.41623503868343,2,0,1
514,2017-12-14 00:00:00,7280.993704508008,1672.8582792728241,59.78279673809009,2,0,0
515,2017-12-14 12:00:00,6562.448487759792,1710.7444363848592,44.349368957855894,2,0,1
516,2017-12-15 00:00:00,6314.027534766854,1468.9780460398358,49.61642904445381,2,0,0
517,2017-12-15 12:00:00,7503.247365760359,1762.458852822205,39.45063826923556,2,0,1
518,2017-12-16 00:00:00,5467.38973116452,1421.3281767569244,34.76233501779591,2,1,0
519,2017-12-16 12:00:00,7889.70022255666,1809.3552691362438,36.13317245751275,2,1,1
520,2017-12-17 00:00:00,5219.234073887122,1365.8032236311321,31.98061962757512,2,1,0
521,2017-12-17 12:00:00,8820.16973086841,1601.8708963513593,33.68458474115161,2,1,1
522,2017-12-18 00:00:00,7929.3827376933305,1367.1012195602987,49.041914181187416,2,0,0
523,2017-12-18 12:00:00,8901.110375137212,1526.2965824845385,40.973651057230384,2,0,1
524,2017-12-19 00:00:00,7806.764273635545,1287.6453680002085,33.8339578803548,2,0,0
525,2017-12-19 12:00:00,9057.408899808564,1542.7872627985919,39.500191444175194,2,0,1
526,2017-12-20 00:00:00,8009.909175177905,1278.7192614433493,44.479521967204825,2,0,0
527,2017-12-20 12:00:00,7692.747668173684,1504.0559519002015,35.31277394940673,2,0,1
528,2017-12-21 00:00:00,5172.3454071761125,1152.6492658663894,39.282313931219775,2,0,0
529,2017-12-21 12:00:00,8842.297371267401,1383.2657868666183,36.70368499915835,2,0,1
530,2017-12-22 00:00:00,7955.8550107765195,1265.809602818327,31.0249307682172,2,0,0
531,2017-12-22 12:00:00,8943.753260259024,1561.605522599404,39.616161886546074,2,0,1
532,2017-12-23 00:00:00,7817.571093960531,1382.4277303794759,41.856875664536794,2,1,0
533,2017-12-23 12:00:00,9101.076217705382,1616.6096115448736,40.17409431078101,2,1,1
534,2017-12-24 00:00:00,8106.573459908882,1423.232172925479,35.72246561652801,2,1,0
535,2017-12-24 12:00:00,8276.109743206727,1570.4664641211475,27.698826163512518,2,1,1
536,2017-12-25 00:00:00,6407.453612316901,1196.5655157070692,1.0670210570798397,2,0,0
537,2017-12-25 12:00:00,6437.871782135455,1265.8672240720637,1.00171010187754,2,0,1
538,2017-12-26 00:00:00,6379.134808846932,1236.9971088860445,1.0386605970653877,2,0,0
539,2017-12-26 12:00:00,6464.8083065174515,1193.4976557349735,1.5541117753415505,2,0,1
540,2017-12-27 00:00:00,7577.114603583966,1299.9230500980032,21.950712841469183,2,0,0
541,2017-12-27 12:00:00,8372.380640188961,1376.5939018550916,31.217856650149972,2,0,1
542,2017-12-28 00:00:00,7773.317999479807,1532.1315514471717,32.61664066575619,2,0,0
543,2017-12-28 12:00:00,8627.357139309564,1563.7760403674104,34.18057447890666,2,0,1
544,2017-12-29 00:00:00,7848.012731181479,1379.3696826728913,34.94763133970182,2,0,0
545,2017-12-29 12:00:00,8998.27555855542,1581.193214499351,38.7463944900315,2,0,1
546,2017-12-30 00:00:00,7877.722821635628,1415.7398627442228,26.976226704780974,2,1,0
547,2017-12-30 12:00:00,8975.506953294622,1805.8426374858375,37.91003901089521,2,1,1
548,2017-12-31 00:00:00,7679.065631720263,1657.9068283204917,38.13471119039379,2,1,0
549,2017-12-31 12:00:00,6585.3588049523505,1765.4369608433124,27.714742707950652,2,1,1
